Variable,Model1_Coef,Model1_SE,Model1_P,Model2_Coef,Model2_SE,Model2_P,Difference
Intercept,18.122418377604202,3.3422434963489196,5.885954511817872e-08,-1.0293683857974105,0.5018626351038187,0.040257609965554345,-19.151786763401613
age_z,-1.5506645839437048,0.12608079311750806,9.173022633756141e-35,-0.5020428180063801,0.054046840112866305,1.5569810177813443e-20,1.0486217659373247
