share_method,SpecUsed,Converged,AIC,age_z_coef,age_z_p,is_us_coef,is_us_p,Celebrity_Var,Partner_Var,Residual_Var
linear,FULL,True,,-0.5020428180063801,1.5569810177813443e-20,-0.06945440522767918,0.6700289867333751,0.19461473348442537,0.5356345456085488,2.082006400058759
softmax,FULL,True,,-1.1503222715325563,5.219248360211746e-07,-0.6358791993538253,0.36717455139361743,1.1487642983953198e-08,18.818528270955586,11.877892053846347
