Model,Celebrity_Var,Partner_Var,Residual_Var
JudgesScore,3.783479735467298,7.101631051434503e-07,11.971998022954914
VoteLogitShare,0.19461473348442537,0.5356345456085488,2.082006400058759
